id_transaccion,fecha,id_cliente,categoria_producto,cantidad,precio_unitario,metodo_pago,region,satisfaccion_cliente
TXN-10105,2024-01-01,CUST-1012,Ropa,3.0,250.0,Tarjeta de Crédito,Oeste,3.0
TXN-10055,2024-01-02,CUST-1011,Hogar,2.0,15.0,Débito,Este,2.0
TXN-10018,2024-01-02,CUST-1014,Electrónica,2.0,120.0,Débito,Oeste,5.0
TXN-10068,2024-01-02,CUST-1006,Ropa,4.0,500.0,Transferencia,Oeste,5.0
TXN-10014,2024-01-02,CUST-1001,Ropa,1.0,25.5,Tarjeta Credito,Este,5.0
TXN-10011,2024-01-03,CUST-1008,Hogar,1.0,49.99,Tarjeta Credito,Sur,3.0
TXN-10041,2024-01-03,CUST-1004,Hogar,,120.0,Transferencia,Centro,5.0
TXN-10071,2024-01-04,CUST-1005,Electrónica,1.0,49.99,Débito,Oeste,4.0
TXN-10048,2024-01-04,CUST-1013,Hogar,3.0,49.99,Débito,Sur,4.0
TXN-10067,2024-01-04,CUST-1007,Deportes,2.0,15.0,Tarjeta Credito,Centro,3.0
TXN-10115,2024-01-05,CUST-1005,Hogar,3.0,,Tarjeta de Crédito,Este,2.0
TXN-10069,2024-01-06,CUST-1008,Hogar,2.0,15.0,Débito,Sur,4.0
TXN-10118,2024-01-07,CUST-1006,Ropa,5.0,25.5,Tarjeta de Crédito,Centro,4.0
TXN-10043,2024-01-07,CUST-1007,Electrónica,2.0,,Efectivo,Oeste,3.0
TXN-10106,2024-01-08,CUST-1006,Electrónica,3.0,120.0,Tarjeta Credito,Sur,3.0
TXN-10060,2024-01-08,CUST-1001,Ropa,2.0,9999.0,Tarjeta de Crédito,Centro,4.0
TXN-10111,2024-01-08,CUST-1024,Ropa,1.0,15.0,Tarjeta de Crédito,Centro,4.0
TXN-10052,2024-01-09,CUST-1012,Electrónica,1.0,49.99,Débito,Sur,5.0
TXN-10103,2024-01-09,CUST-1002,Hogar,1.0,250.0,Tarjeta Credito,Centro,5.0
TXN-10109,2024-01-11,CUST-1023,Deportes,1.0,250.0,Débito,Oeste,3.0
TXN-10080,2024-01-14,CUST-1009,Ropa,2.0,49.99,Efectivo,Este,4.0
TXN-10051,2024-01-14,CUST-1006,Hogar,1.0,15.0,Transferencia,Oeste,3.0
TXN-10098,2024-01-15,CUST-1023,Libros,2.0,49.99,Tarjeta Credito,Este,4.0
TXN-10001,2024-01-15,CUST-1012,Electrónica,2.0,25.5,Tarjeta de Crédito,Norte,2.0
TXN-10082,2024-01-15,CUST-1017,Libros,1.0,250.0,Efectivo,Oeste,5.0
TXN-10033,2024-01-15,CUST-1020,Hogar,2.0,15.0,Débito,Norte,2.0
TXN-10074,2024-01-18,CUST-1010,Electrónica,2.0,49.99,Transferencia,Norte,4.0
TXN-10047,2024-01-18,CUST-1010,Ropa,1.0,120.0,Tarjeta Credito,Este,1.0
TXN-10044,2024-01-21,CUST-1019,Hogar,2.0,120.0,Tarjeta de Crédito,Sur,3.0
TXN-10021,2024-01-21,CUST-1005,Electrónica,3.0,15.0,Tarjeta de Crédito,Sur,4.0
TXN-10004,2024-01-21,CUST-1016,Electrónica,2.0,15.0,Débito,Norte,3.0
TXN-10025,2024-01-22,CUST-1009,Ropa,3.0,25.5,Efectivo,Centro,4.0
TXN-10012,2024-01-22,CUST-1022,Electrónica,2.0,25.5,Tarjeta Credito,Centro,3.0
TXN-10092,2024-01-24,CUST-1024,Hogar,1.0,25.5,Tarjeta Credito,Norte,2.0
TXN-10010,2024-01-24,CUST-1012,Electrónica,1.0,49.99,Tarjeta de Crédito,Oeste,4.0
TXN-10093,2024-01-26,CUST-1017,Libros,3.0,49.99,Débito,Sur,
TXN-10117,2024-01-28,CUST-1002,Deportes,1.0,49.99,Tarjeta de Crédito,Norte,4.0
TXN-10097,2024-01-29,CUST-1022,Hogar,1.0,49.99,Efectivo,Centro,5.0
TXN-10016,2024-01-30,CUST-1005,Electrónica,1.0,120.0,Tarjeta Credito,Este,4.0
TXN-10022,2024-02-02,CUST-1023,Hogar,,49.99,Tarjeta Credito,Este,3.0
TXN-10114,2024-02-02,CUST-1024,Hogar,2.0,120.0,Efectivo,Norte,4.0
TXN-10077,2024-02-03,CUST-1015,Libros,1.0,49.99,Tarjeta Credito,Sur,1.0
TXN-10062,2024-02-04,CUST-1025,Electrónica,2.0,25.5,Transferencia,Oeste,4.0
TXN-10112,2024-02-04,CUST-1017,Ropa,5.0,15.0,Débito,Norte,4.0
TXN-10113,2024-02-04,CUST-1006,Deportes,4.0,25.5,Tarjeta Credito,Norte,3.0
TXN-10065,2024-02-05,CUST-1009,Deportes,1.0,25.5,Tarjeta de Crédito,Este,3.0
TXN-10017,2024-02-07,CUST-1015,Ropa,1.0,120.0,Tarjeta Credito,Este,3.0
TXN-10046,2024-02-08,CUST-1002,Electrónica,1.0,15.0,Tarjeta Credito,Oeste,4.0
TXN-10087,2024-02-09,CUST-1002,Electrónica,1.0,49.99,Transferencia,Oeste,4.0
TXN-10096,2024-02-10,CUST-1002,Electrónica,1.0,,Efectivo,Oeste,5.0
TXN-10116,2024-02-10,CUST-1020,Deportes,3.0,15.0,Débito,Este,3.0
TXN-10030,2024-02-11,CUST-1019,Hogar,,15.0,Tarjeta de Crédito,Sur,4.0
TXN-10059,2024-02-13,CUST-1001,Electrónica,1.0,120.0,Transferencia,Norte,3.0
TXN-10076,2024-02-13,CUST-1024,Electrónica,2.0,49.99,Débito,Norte,4.0
TXN-10099,2024-02-14,CUST-1005,Electrónica,2.0,25.5,Tarjeta Credito,Este,4.0
TXN-10036,2024-02-16,CUST-1023,Deportes,1.0,15.0,Efectivo,Norte,3.0
TXN-10061,2024-02-16,CUST-1025,Electrónica,1.0,500.0,Tarjeta de Crédito,Centro,4.0
TXN-10081,2024-02-17,CUST-1020,Electrónica,10.0,49.99,Efectivo,Centro,4.0
TXN-10027,2024-02-18,CUST-1015,Electrónica,2.0,15.0,Tarjeta Credito,Sur,3.0
TXN-10066,2024-02-19,CUST-1003,Hogar,2.0,500.0,Tarjeta Credito,Este,3.0
TXN-10038,2024-02-20,CUST-1013,Electrónica,3.0,,Débito,Sur,4.0
TXN-10042,2024-02-20,CUST-1013,Electrónica,3.0,250.0,Tarjeta Credito,Sur,4.0
TXN-10000,2024-02-21,CUST-1008,Ropa,1.0,120.0,Efectivo,Centro,
TXN-10091,2024-02-22,CUST-1017,Electrónica,1.0,49.99,Efectivo,Oeste,4.0
TXN-10054,2024-02-22,CUST-1020,Hogar,3.0,49.99,Débito,Este,5.0
TXN-10013,2024-02-22,CUST-1003,Hogar,3.0,25.5,Efectivo,Sur,3.0
TXN-10072,2024-02-23,CUST-1001,Hogar,2.0,,Tarjeta de Crédito,Este,5.0
TXN-10070,2024-02-23,CUST-1009,Ropa,1.0,250.0,Tarjeta de Crédito,Oeste,4.0
TXN-10039,2024-02-24,CUST-1015,Electrónica,2.0,25.5,Transferencia,Este,4.0
TXN-10024,2024-02-27,CUST-1007,Hogar,1.0,250.0,Tarjeta de Crédito,Norte,3.0
TXN-10029,2024-02-28,CUST-1013,Libros,1.0,49.99,Tarjeta de Crédito,Norte,3.0
TXN-10057,2024-02-29,CUST-1025,Hogar,2.0,15.0,Efectivo,Centro,4.0
TXN-10095,2024-02-29,CUST-1002,Hogar,3.0,,Débito,Este,2.0
TXN-10020,2024-02-29,CUST-1001,Deportes,2.0,49.99,Efectivo,Sur,5.0
TXN-10031,2024-02-29,CUST-1007,Ropa,3.0,15.0,Débito,Oeste,5.0
TXN-10050,2024-02-29,CUST-1021,Electrónica,1.0,250.0,Efectivo,Centro,5.0
TXN-10003,2024-03-01,CUST-1001,Ropa,2.0,25.5,Tarjeta de Crédito,Oeste,5.0
TXN-10034,2024-03-02,CUST-1004,Deportes,1.0,120.0,Débito,Centro,5.0
TXN-10086,2024-03-02,CUST-1007,Deportes,1.0,250.0,Transferencia,Este,4.0
TXN-10079,2024-03-02,CUST-1024,Libros,2.0,49.99,Tarjeta Credito,Sur,5.0
TXN-10037,2024-03-02,CUST-1007,Hogar,2.0,15.0,Efectivo,Oeste,2.0
TXN-10035,2024-03-02,CUST-1005,Deportes,1.0,120.0,Débito,Oeste,4.0
TXN-10108,2024-03-03,CUST-1004,Deportes,2.0,25.5,Transferencia,Sur,5.0
TXN-10073,2024-03-03,CUST-1019,Electrónica,1.0,15.0,Transferencia,Oeste,3.0
TXN-10040,2024-03-04,CUST-1011,Deportes,1.0,25.5,Tarjeta de Crédito,Norte,4.0
TXN-10019,2024-03-04,CUST-1003,Libros,2.0,15.0,Débito,Centro,3.0
TXN-10100,2024-03-05,CUST-1001,Ropa,4.0,120.0,Débito,Norte,3.0
TXN-10102,2024-03-11,CUST-1019,Hogar,3.0,15.0,Débito,Sur,3.0
TXN-10058,2024-03-11,CUST-1007,Hogar,2.0,49.99,Débito,Norte,2.0
TXN-10083,2024-03-12,CUST-1017,Ropa,,15.0,Efectivo,Centro,4.0
TXN-10002,2024-03-12,CUST-1002,Deportes,1.0,250.0,Tarjeta Credito,Sur,4.0
TXN-10119,2024-03-13,CUST-1022,Ropa,2.0,500.0,Efectivo,Oeste,5.0
TXN-10045,2024-03-13,CUST-1022,Electrónica,2.0,25.5,Tarjeta de Crédito,Norte,3.0
TXN-10078,2024-03-14,CUST-1022,Libros,2.0,49.99,Débito,Este,5.0
TXN-10007,2024-03-15,CUST-1024,Hogar,1.0,25.5,Tarjeta de Crédito,Centro,4.0
TXN-10008,2024-03-15,CUST-1005,Electrónica,1.0,500.0,Tarjeta Credito,Oeste,5.0
TXN-10023,2024-03-16,CUST-1014,Deportes,2.0,25.5,Tarjeta de Crédito,Este,4.0
TXN-10084,2024-03-18,CUST-1020,Libros,5.0,25.5,Tarjeta de Crédito,Sur,3.0
TXN-10063,2024-03-18,CUST-1020,Libros,2.0,25.5,Débito,Este,4.0
TXN-10089,2024-03-20,CUST-1017,Deportes,1.0,25.5,Efectivo,Oeste,5.0
TXN-10032,2024-03-20,CUST-1017,Ropa,2.0,120.0,Transferencia,Norte,4.0
TXN-10064,2024-03-21,CUST-1013,Ropa,1.0,250.0,Efectivo,Norte,4.0
TXN-10110,2024-03-21,CUST-1011,Libros,3.0,250.0,Débito,Norte,3.0
TXN-10090,2024-03-22,CUST-1005,Ropa,2.0,15.0,Efectivo,Norte,5.0
TXN-10005,2024-03-23,CUST-1023,Electrónica,1.0,250.0,Tarjeta de Crédito,Norte,2.0
TXN-10056,2024-03-24,CUST-1023,Deportes,1.0,15.0,Efectivo,Centro,3.0
TXN-10088,2024-03-25,CUST-1003,Ropa,1.0,49.99,Tarjeta de Crédito,Norte,4.0
TXN-10006,2024-03-27,CUST-1023,Hogar,2.0,15.0,Efectivo,Este,4.0
TXN-10085,2024-03-27,CUST-1012,Libros,1.0,500.0,Efectivo,Oeste,4.0
TXN-10104,2024-03-28,CUST-1021,Hogar,1.0,120.0,Tarjeta Credito,Sur,1.0
TXN-10015,2024-03-28,CUST-1003,Libros,2.0,49.99,Tarjeta Credito,Este,4.0
TXN-10107,2024-03-28,CUST-1023,Deportes,,49.99,Tarjeta de Crédito,Centro,4.0
TXN-10009,2024-03-28,CUST-1003,Ropa,3.0,500.0,Transferencia,Sur,2.0
TXN-10026,2024-03-29,CUST-1015,Electrónica,1.0,15.0,Tarjeta Credito,Oeste,4.0
TXN-10049,2024-03-29,CUST-1025,Hogar,1.0,25.5,Efectivo,Norte,4.0
TXN-10101,2024-03-29,CUST-1001,Deportes,3.0,49.99,Transferencia,Sur,2.0
TXN-10094,2024-03-29,CUST-1017,Hogar,1.0,15.0,Tarjeta Credito,Centro,5.0
TXN-10075,2024-03-30,CUST-1012,Hogar,10.0,500.0,Tarjeta Credito,Este,4.0
TXN-10053,2024-03-30,CUST-1012,Ropa,4.0,15.0,Débito,Sur,2.0
TXN-10028,2024-03-31,CUST-1010,Deportes,1.0,120.0,Transferencia,Norte,5.0
TXN-10011,2024-01-03,CUST-1008,Hogar,1.0,49.99,Tarjeta Credito,Sur,3.0
TXN-10103,2024-01-09,CUST-1002,Hogar,1.0,250.0,Tarjeta Credito,Centro,5.0
TXN-10062,2024-02-04,CUST-1025,Electrónica,2.0,25.5,Transferencia,Oeste,4.0
